<?xml version="1.0" encoding="UTF-8"?>
<nfeProc xmlns="http://www.portalfiscal.inf.br/nfe" versao="4.00">
<NFe xmlns="http://www.portalfiscal.inf.br/nfe">
<infNFe versao="4.00" Id="NFe35191118832069000147550020000023671271115192">
<ide>
<cUF>35</cUF>
<cNF>27111519</cNF>
<natOp>Venda de mercadorias</natOp>
<mod>55</mod>
<serie>2</serie>
<nNF>2367</nNF>
<dhEmi>2019-11-07T12:33:03-02:00</dhEmi>
<dhSaiEnt>2019-11-07T12:33:03-02:00</dhSaiEnt>
<tpNF>1</tpNF>
<idDest>1</idDest>
<cMunFG>3548708</cMunFG>
<tpImp>1</tpImp>
<tpEmis>1</tpEmis>
<cDV>2</cDV>
<tpAmb>1</tpAmb>
<finNFe>1</finNFe>
<indFinal>1</indFinal>
<indPres>2</indPres>
<procEmi>0</procEmi>
<verProc>mercadolivre.invoice</verProc>
<NFref>
<refNFe>35191118832069000147550020000023661968418371</refNFe>
</NFref>
</ide>
<emit>
<CNPJ>18832069000147</CNPJ>
<xNome>DIOGO CASIMIRO 33856159843</xNome>
<enderEmit>
<xLgr>Avenida Kennedy</xLgr>
<nro>84</nro>
<xBairro>Jardim do Mar</xBairro>
<cMun>3548708</cMun>
<xMun>Sao Bernardo do Campo</xMun>
<UF>SP</UF>
<CEP>09726970</CEP>
<cPais>1058</cPais>
<xPais>Brasil</xPais>
</enderEmit>
<IE>635712280117</IE>
<CRT>1</CRT>
</emit>
<dest>
<CPF>32860495819</CPF>
<xNome>Gabriel Ricardo Correa</xNome>
<enderDest>
<xLgr>Jair Antonio Bego</xLgr>
<nro>165</nro>
<xBairro>Nao informado</xBairro>
<cMun>3521408</cMun>
<xMun>Iracemapolis</xMun>
<UF>SP</UF>
<CEP>13495000</CEP>
<cPais>1058</cPais>
<xPais>Brasil</xPais>
</enderDest>
<indIEDest>9</indIEDest>
</dest>
<det nItem="1">
<prod>
<cProd>MLB726714979_35096501307</cProd>
<cEAN>SEM GTIN</cEAN>
<xProd>Kit 4 Cabos P10 P10 Cabo Pedal Extensao 5 Pedais Fonte</xProd>
<NCM>85437099</NCM>
<CEST>0900500</CEST>
<CFOP>5106</CFOP>
<uCom>UN</uCom>
<qCom>1</qCom>
<vUnCom>99.00000000</vUnCom>
<vProd>99.00</vProd>
<cEANTrib>SEM GTIN</cEANTrib>
<uTrib>UN</uTrib>
<qTrib>1</qTrib>
<vUnTrib>99.00000000</vUnTrib>
<vFrete>14.90</vFrete>
<indTot>1</indTot>
</prod>
<imposto>
<vTotTrib>25.04</vTotTrib>
<ICMS>
<ICMSSN102>
<orig>0</orig>
<CSOSN>102</CSOSN>
</ICMSSN102>
</ICMS>
<PIS>
<PISOutr>
<CST>99</CST>
<vBC>113.90</vBC>
<pPIS>0.0000</pPIS>
<vPIS>0.00</vPIS>
</PISOutr>
</PIS>
<COFINS>
<COFINSOutr>
<CST>99</CST>
<vBC>113.90</vBC>
<pCOFINS>0.0000</pCOFINS>
<vCOFINS>0.00</vCOFINS>
</COFINSOutr>
</COFINS>
</imposto>
<infAdProd>Total aproximado de tributos federais, estaduais e municipais: R$25,04</infAdProd>
</det>
<total>
<ICMSTot>
<vBC>0.00</vBC>
<vICMS>0.00</vICMS>
<vICMSDeson>0.00</vICMSDeson>
<vFCP>0.00</vFCP>
<vBCST>0.00</vBCST>
<vST>0.00</vST>
<vFCPST>0.00</vFCPST>
<vFCPSTRet>0.00</vFCPSTRet>
<vProd>99.00</vProd>
<vFrete>14.90</vFrete>
<vSeg>0.00</vSeg>
<vDesc>0.00</vDesc>
<vII>0.00</vII>
<vIPI>0.00</vIPI>
<vIPIDevol>0.00</vIPIDevol>
<vPIS>0.00</vPIS>
<vCOFINS>0.00</vCOFINS>
<vOutro>0.00</vOutro>
<vNF>113.90</vNF>
<vTotTrib>25.04</vTotTrib>
</ICMSTot>
</total>
<transp>
<modFrete>2</modFrete>
<transporta>
<CNPJ>20121850000155</CNPJ>
<xNome>MERCADO ENVIOS SERVICOS DE LOGISTICA LTDA.</xNome>
<IE>492875457119</IE>
<xEnder>AVENIDA DAS NACOES UNIDAS 3000 3003</xEnder>
<xMun>OSASCO</xMun>
<UF>SP</UF>
</transporta>
</transp>
<pag>
<detPag>
<indPag>0</indPag>
<tPag>99</tPag>
<vPag>113.90</vPag>
</detPag>
</pag>
<infAdic>
<infAdFisco>Emitido por ME/EPP optante do Simples Nacional.</infAdFisco>
<infCpl>Enviado diretamente do deposito temporario - operador logistico: MERCADO ENVIOS SERVICOS DE LOGISTICA LTDA., Cnpj: 20121850000902 saindo do endereco: Av. Dr. Antonio Joao Abdalla, Numero: 3333, Complemento: null, Bairro: Empresarial Colina, Cidade: Cajamar, Cep: 07750020, Estado: SP, Pais: BR. Valor aproximado dos tributos (IBPT) R$25,04.</infCpl>
</infAdic>
</infNFe>
<Signature xmlns="http://www.w3.org/2000/09/xmldsig#">
<SignedInfo>
<CanonicalizationMethod Algorithm="http://www.w3.org/TR/2001/REC-xml-c14n-20010315"/>
<SignatureMethod Algorithm="http://www.w3.org/2000/09/xmldsig#rsa-sha1"/>
<Reference URI="#NFe35191118832069000147550020000023671271115192">
<Transforms>
<Transform Algorithm="http://www.w3.org/2000/09/xmldsig#enveloped-signature"/>
<Transform Algorithm="http://www.w3.org/TR/2001/REC-xml-c14n-20010315"/>
</Transforms>
<DigestMethod Algorithm="http://www.w3.org/2000/09/xmldsig#sha1"/>
<DigestValue>vqp+i/0EqP5mrSoIksbn22V52OM=</DigestValue>
</Reference>
</SignedInfo>
<SignatureValue>NpNPqt5yUPtPx29n7epwDEx/1GQKZoPm6sNP3WttmmbOmXf/9+DIYMMWRxkYbPR8fBbfMe8dU/3E 9OfHbrb8NwlKS7vlcjoO/H8HaM3no1fjOzBTUQLaOufqe/WEezBSA8X+a81My82++HXYO7R4aQ5+ B9OxSsItdhc5CCyS6F3b7FyA170m7hU06jhkWuj8jJXPfRg2EL9CJAXk+0NPyYBHywpM11dcaOah zRdHjmfCDbJKiDuVmANTxl6dQ585fB56zpAF3Rr9TE8YnTcRCZJXW8ee68DL8X3eulj+m9oWjyqw vFfdnC7RQoX58PY5aei5CTrxRKcr3QUu6ZoRrQ==</SignatureValue>
<KeyInfo>
<X509Data>
<X509Certificate>MIIH+DCCBeCgAwIBAgIQZOmZd72CKnFLx0WtHQ3EcDANBgkqhkiG9w0BAQsFADB4MQswCQYDVQQG EwJCUjETMBEGA1UEChMKSUNQLUJyYXNpbDE2MDQGA1UECxMtU2VjcmV0YXJpYSBkYSBSZWNlaXRh IEZlZGVyYWwgZG8gQnJhc2lsIC0gUkZCMRwwGgYDVQQDExNBQyBDZXJ0aXNpZ24gUkZCIEc1MB4X DTE5MDYwNjE4NDUwN1oXDTIwMDYwNTE4NDUwN1owgewxCzAJBgNVBAYTAkJSMRMwEQYDVQQKDApJ Q1AtQnJhc2lsMQswCQYDVQQIDAJTUDEeMBwGA1UEBwwVU2FvIEJlcm5hcmRvIGRvIENhbXBvMTYw NAYDVQQLDC1TZWNyZXRhcmlhIGRhIFJlY2VpdGEgRmVkZXJhbCBkbyBCcmFzaWwgLSBSRkIxFjAU BgNVBAsMDVJGQiBlLUNOUEogQTExFzAVBgNVBAsMDjA3ODA2NTY4MDAwMTQzMTIwMAYDVQQDDClE SU9HTyBDQVNJTUlSTyAzMzg1NjE1OTg0MzoxODgzMjA2OTAwMDE0NzCCASIwDQYJKoZIhvcNAQEB BQADggEPADCCAQoCggEBAL141tWcwe63VFKTkPQCtehbgKm+N7eLfiylkgjmf5BwtchSAswtVqp3 IJRbvWDSbWVSv67sURcQkTKDmZYYaU+Ed7rntimrlWUqqz05yIpkK2zSDBgvws2npJyRhZAR1dT0 meBTO7UK6/vwvnMHJlXUUfH1cSPZZj0Z4ldy4FXhgzRu7Zomirsmg6Hf8vvDvk5gyXUMMcfXLB5V UU2icH9HUw8p6ME0PlyL4OqomdoPL0Yp0rUng+s84KZUYr5WpFEi/cZcPKIXsam2aQ7WG3jrw04c Zip9pI5J/R9jaSKVhl9UULMaJv9vaHOYcqnhqcwS89JP+T78CmG7+dIjUQkCAwEAAaOCAwcwggMD MIG2BgNVHREEga4wgaugPQYFYEwBAwSgNAQyMjQwMzE5ODUzMzg1NjE1OTg0MzAwMDAwMDAwMDAw MDAwMDAwMDI3NTQyOTUyU1NQU1CgGQYFYEwBAwKgEAQORElPR08gQ0FTSU1JUk+gGQYFYEwBAwOg EAQOMTg4MzIwNjkwMDAxNDegFwYFYEwBAwegDgQMMDAwMDAwMDAwMDAwgRtjYXNpbWlyby5kaW9n b0B0ZXJyYS5jb20uYnIwCQYDVR0TBAIwADAfBgNVHSMEGDAWgBRTfX+dvtFh0CC62p/jiacTc1jN QjB/BgNVHSAEeDB2MHQGBmBMAQIBDDBqMGgGCCsGAQUFBwIBFlxodHRwOi8vaWNwLWJyYXNpbC5j ZXJ0aXNpZ24uY29tLmJyL3JlcG9zaXRvcmlvL2RwYy9BQ19DZXJ0aXNpZ25fUkZCL0RQQ19BQ19D ZXJ0aXNpZ25fUkZCLnBkZjCBvAYDVR0fBIG0MIGxMFegVaBThlFodHRwOi8vaWNwLWJyYXNpbC5j ZXJ0aXNpZ24uY29tLmJyL3JlcG9zaXRvcmlvL2xjci9BQ0NlcnRpc2lnblJGQkc1L0xhdGVzdENS TC5jcmwwVqBUoFKGUGh0dHA6Ly9pY3AtYnJhc2lsLm91dHJhbGNyLmNvbS5ici9yZXBvc2l0b3Jp by9sY3IvQUNDZXJ0aXNpZ25SRkJHNS9MYXRlc3RDUkwuY3JsMA4GA1UdDwEB/wQEAwIF4DAdBgNV HSUEFjAUBggrBgEFBQcDAgYIKwYBBQUHAwQwgawGCCsGAQUFBwEBBIGfMIGcMF8GCCsGAQUFBzAC hlNodHRwOi8vaWNwLWJyYXNpbC5jZXJ0aXNpZ24uY29tLmJyL3JlcG9zaXRvcmlvL2NlcnRpZmlj YWRvcy9BQ19DZXJ0aXNpZ25fUkZCX0c1LnA3YzA5BggrBgEFBQcwAYYtaHR0cDovL29jc3AtYWMt Y2VydGlzaWduLXJmYi5jZXJ0aXNpZ24uY29tLmJyMA0GCSqGSIb3DQEBCwUAA4ICAQCIUHCjEvjH zLfNfcuGb8UrUfSAHtx2JS5uhh3edPK14O1p48rRsvdb7BLmwSXd6LaNXbMzkZvUBLvz8KxHo4xZ JaXurEVLa6E5/TYIe1YPr/RszX4N3yKjk00I+yh2B8fNdkzrrFr2iaeksUxahN17g0mrQ9j9MLi0 HV9+crl9uKu93KstedFbEe6e8OI+ZH959R+aF9CDS+N9GBekAajnQwIqdUzFA3xQJhPErPCIsmAm YJjhUtRGGmCJ7SRnErsR0bPYRW6JXcVRoyQqzBAFVsbTC8nRd7mzFbgoVtUUgkEa4dE4iRFMmVU3 P68LJkJHgA3y7FwrPEHlVknZWZFe0NmlZa6a1VF6cUE4B6Hd1Y8ksTWQelPnVvECpEwCmT9MgL5h zQXP7asVJYuUyLjO8jv5mQy1hH0+aHrvMb2uxI6/WYHs2HaeEjKRtgBEJ8TIa3oILQadxsKaDGoI 5Wqt13VYh5aRE7Fix0ahyuO+KKBwtKDKqyRu5Sxt/Ce+lFVyA9q0p42Yq9a3ehMEbocKD36lKLie a3pejJY5Ip7rsKESdCObSImu7J7dVvbOqHZRVyqtNZS4cI0XnZ/25PzUFAZ4wKyGoaVyZJRYFUhQ Gxc7yVKFoHtJnEgsn8jnHlRicb8vwXY49RDmSkbHQL+tlrwrNd4rnddQ8Jq/8mbQmA==</X509Certificate>
</X509Data>
</KeyInfo>
</Signature>
</NFe>
<protNFe versao="4.00">
<infProt>
<tpAmb>1</tpAmb>
<verAplic>SP_NFE_PL009_V4</verAplic>
<chNFe>35191118832069000147550020000023671271115192</chNFe>
<dhRecbto>2019-11-07T11:33:05-03:00</dhRecbto>
<nProt>135190830429969</nProt>
<digVal>vqp+i/0EqP5mrSoIksbn22V52OM=</digVal>
<cStat>100</cStat>
<xMotivo>Autorizado o uso da NF-e</xMotivo>
</infProt>
</protNFe>
</nfeProc>